Workbook

Sheet Summary
A1: Сравнение автоматических и ручных измерений
A3: Обозначение Δ | B3: Автоматическое - ручное
A6: Итоговые метрики
A7: Объект | B7: Bias (px) | C7: MAE (px) | D7: RMSE (px) | E7: MAPE | F7: Корреляция R
A8: Поперечные линии | B8: =Cross_Lines!AR13 -> -2.2006349 | C8: =Cross_Lines!AS13 -> 10.02 | D8: =Cross_Lines!AT13 -> 14.738775 | E8: =Cross_Lines!AU13 -> 0.018862255 | F8: =CORREL(Cross_Lines!B3:H11,Cross_Lines!I3:O11) -> 0.99810379
A9: Длины листьев | B9: =Leaf_Lengths!D13 -> 62.683333 | C9: =Leaf_Lengths!E13 -> 62.683333 | D9: =Leaf_Lengths!F13 -> 88.481039 | E9: =Leaf_Lengths!G13 -> 0.05815197 | F9: =CORREL(Leaf_Lengths!B3:B11,Leaf_Lengths!C3:C11) -> 0.99350852

Sheet Cross_Lines
A1: Поперечные линии листьев
A2: № | B2: Auto_1 | C2: Auto_2 | D2: Auto_3 | E2: Auto_4 | F2: Auto_5 | G2: Auto_6 | H2: Auto_7 | I2: Manual_1 | J2: Manual_2 | K2: Manual_3 | L2: Manual_4 | M2: Manual_5 | N2: Manual_6 | O2: Manual_7 | P2: Δ_1 | Q2: Δ_2 | R2: Δ_3 | S2: Δ_4 | T2: Δ_5 | U2: Δ_6 | V2: Δ_7 | W2: |Δ|_1 | X2: |Δ|_2 | Y2: |Δ|_3 | Z2: |Δ|_4 | AA2: |Δ|_5 | AB2: |Δ|_6 | AC2: |Δ|_7 | AD2: Δ²_1 | AE2: Δ²_2 | AF2: Δ²_3 | AG2: Δ²_4 | AH2: Δ²_5 | AI2: Δ²_6 | AJ2: Δ²_7 | AK2: APE_1 | AL2: APE_2 | AM2: APE_3 | AN2: APE_4 | AO2: APE_5 | AP2: APE_6 | AQ2: APE_7 | AR2: Bias | AS2: MAE | AT2: RMSE | AU2: MAPE
A3: 1 | B3: 119.9 | C3: 241.2 | D3: 351.5 | E3: 459.9 | F3: 506.2 | G3: 505.7 | H3: 450.6 | I3: 119.94 | J3: 230.59 | K3: 348.86 | L3: 459.95 | M3: 512.64 | N3: 516.11 | O3: 474.64 | P3: =B3-I3 -> -0.04 | Q3: =C3-J3 -> 10.61 | R3: =D3-K3 -> 2.64 | S3: =E3-L3 -> -0.05 | T3: =F3-M3 -> -6.44 | U3: =G3-N3 -> -10.41 | V3: =H3-O3 -> -24.04 | W3: =ABS(P3) -> 0.04 | X3: =ABS(Q3) -> 10.61 | Y3: =ABS(R3) -> 2.64 | Z3: =ABS(S3) -> 0.05 | AA3: =ABS(T3) -> 6.44 | AB3: =ABS(U3) -> 10.41 | AC3: =ABS(V3) -> 24.04 | AD3: =P3^2 -> 0.0016 | AE3: =Q3^2 -> 112.5721 | AF3: =R3^2 -> 6.9696 | AG3: =S3^2 -> 0.0025 | AH3: =T3^2 -> 41.4736 | AI3: =U3^2 -> 108.3681 | AJ3: =V3^2 -> 577.9216 | AK3: =W3/I3 -> 0.00033350008 | AL3: =X3/J3 -> 0.046012403 | AM3: =Y3/K3 -> 0.0075675056 | AN3: =Z3/L3 -> 0.00010870747 | AO3: =AA3/M3 -> 0.012562422 | AP3: =AB3/N3 -> 0.020170119 | AQ3: =AC3/O3 -> 0.050648913 | AR3: =AVERAGE(P3:V3) -> -3.9614286 | AS3: =AVERAGE(W3:AC3) -> 7.7471429 | AT3: =SQRT(AVERAGE(AD3:AJ3)) -> 11.002007 | AU3: =AVERAGE(AK3:AQ3) -> 0.019629081
A4: 2 | B4: 452.3 | C4: 518.6 | D4: 522.6 | E4: 525.6 | F4: 534.7 | G4: 552.7 | H4: 582.9 | I4: 469.05 | J4: 533.11 | K4: 525.14 | L4: 530.16 | M4: 540.13 | N4: 556.4 | O4: 564.26 | P4: =B4-I4 -> -16.75 | Q4: =C4-J4 -> -14.51 | R4: =D4-K4 -> -2.54 | S4: =E4-L4 -> -4.56 | T4: =F4-M4 -> -5.43 | U4: =G4-N4 -> -3.7 | V4: =H4-O4 -> 18.64 | W4: =ABS(P4) -> 16.75 | X4: =ABS(Q4) -> 14.51 | Y4: =ABS(R4) -> 2.54 | Z4: =ABS(S4) -> 4.56 | AA4: =ABS(T4) -> 5.43 | AB4: =ABS(U4) -> 3.7 | AC4: =ABS(V4) -> 18.64 | AD4: =P4^2 -> 280.5625 | AE4: =Q4^2 -> 210.5401 | AF4: =R4^2 -> 6.4516 | AG4: =S4^2 -> 20.7936 | AH4: =T4^2 -> 29.4849 | AI4: =U4^2 -> 13.69 | AJ4: =V4^2 -> 347.4496 | AK4: =W4/I4 -> 0.035710479 | AL4: =X4/J4 -> 0.027217647 | AM4: =Y4/K4 -> 0.0048368054 | AN4: =Z4/L4 -> 0.008601177 | AO4: =AA4/M4 -> 0.010053135 | AP4: =AB4/N4 -> 0.0066498922 | AQ4: =AC4/O4 -> 0.033034417 | AR4: =AVERAGE(P4:V4) -> -4.1214286 | AS4: =AVERAGE(W4:AC4) -> 9.4471429 | AT4: =SQRT(AVERAGE(AD4:AJ4)) -> 11.395314 | AU4: =AVERAGE(AK4:AQ4) -> 0.018014793
A5: 3 | B5: 517.9 | C5: 600.4 | D5: 623 | E5: 575.2 | F5: 442.6 | G5: 291.5 | H5: 162.9 | I5: 518.93 | J5: 602.7 | K5: 623.46 | L5: 579.88 | M5: 438.83 | N5: 293.44 | O5: 165.19 | P5: =B5-I5 -> -1.03 | Q5: =C5-J5 -> -2.3 | R5: =D5-K5 -> -0.46 | S5: =E5-L5 -> -4.68 | T5: =F5-M5 -> 3.77 | U5: =G5-N5 -> -1.94 | V5: =H5-O5 -> -2.29 | W5: =ABS(P5) -> 1.03 | X5: =ABS(Q5) -> 2.3 | Y5: =ABS(R5) -> 0.46 | Z5: =ABS(S5) -> 4.68 | AA5: =ABS(T5) -> 3.77 | AB5: =ABS(U5) -> 1.94 | AC5: =ABS(V5) -> 2.29 | AD5: =P5^2 -> 1.0609 | AE5: =Q5^2 -> 5.29 | AF5: =R5^2 -> 0.2116 | AG5: =S5^2 -> 21.9024 | AH5: =T5^2 -> 14.2129 | AI5: =U5^2 -> 3.7636 | AJ5: =V5^2 -> 5.2441 | AK5: =W5/I5 -> 0.0019848534 | AL5: =X5/J5 -> 0.0038161606 | AM5: =Y5/K5 -> 0.00073781798 | AN5: =Z5/L5 -> 0.0080706353 | AO5: =AA5/M5 -> 0.0085910261 | AP5: =AB5/N5 -> 0.0066112323 | AQ5: =AC5/O5 -> 0.013862825 | AR5: =AVERAGE(P5:V5) -> -1.2757143 | AS5: =AVERAGE(W5:AC5) -> 2.3528571 | AT5: =SQRT(AVERAGE(AD5:AJ5)) -> 2.7172859 | AU5: =AVERAGE(AK5:AQ5) -> 0.0062392215
A6: 4 | B6: 781.8 | C6: 877 | D6: 923.6 | E6: 913.5 | F6: 886 | G6: 873.8 | H6: 875 | I6: 789.44 | J6: 880.91 | K6: 918.69 | L6: 924.13 | M6: 912.01 | N6: 903.78 | O6: 890.94 | P6: =B6-I6 -> -7.64 | Q6: =C6-J6 -> -3.91 | R6: =D6-K6 -> 4.91 | S6: =E6-L6 -> -10.63 | T6: =F6-M6 -> -26.01 | U6: =G6-N6 -> -29.98 | V6: =H6-O6 -> -15.94 | W6: =ABS(P6) -> 7.64 | X6: =ABS(Q6) -> 3.91 | Y6: =ABS(R6) -> 4.91 | Z6: =ABS(S6) -> 10.63 | AA6: =ABS(T6) -> 26.01 | AB6: =ABS(U6) -> 29.98 | AC6: =ABS(V6) -> 15.94 | AD6: =P6^2 -> 58.3696 | AE6: =Q6^2 -> 15.2881 | AF6: =R6^2 -> 24.1081 | AG6: =S6^2 -> 112.9969 | AH6: =T6^2 -> 676.5201 | AI6: =U6^2 -> 898.8004 | AJ6: =V6^2 -> 254.0836 | AK6: =W6/I6 -> 0.0096777463 | AL6: =X6/J6 -> 0.0044385919 | AM6: =Y6/K6 -> 0.0053445667 | AN6: =Z6/L6 -> 0.011502711 | AO6: =AA6/M6 -> 0.028519424 | AP6: =AB6/N6 -> 0.03317179 | AQ6: =AC6/O6 -> 0.017891216 | AR6: =AVERAGE(P6:V6) -> -12.742857 | AS6: =AVERAGE(W6:AC6) -> 14.145714 | AT6: =SQRT(AVERAGE(AD6:AJ6)) -> 17.071977 | AU6: =AVERAGE(AK6:AQ6) -> 0.015792292
A7: 5 | B7: 621.6 | C7: 773.2 | D7: 836.5 | E7: 767.7 | F7: 618.4 | G7: 426.7 | H7: 198.6 | I7: 668.54 | J7: 797.53 | K7: 848.25 | L7: 767.19 | M7: 625.51 | N7: 429.46 | O7: 205.57 | P7: =B7-I7 -> -46.94 | Q7: =C7-J7 -> -24.33 | R7: =D7-K7 -> -11.75 | S7: =E7-L7 -> 0.51 | T7: =F7-M7 -> -7.11 | U7: =G7-N7 -> -2.76 | V7: =H7-O7 -> -6.97 | W7: =ABS(P7) -> 46.94 | X7: =ABS(Q7) -> 24.33 | Y7: =ABS(R7) -> 11.75 | Z7: =ABS(S7) -> 0.51 | AA7: =ABS(T7) -> 7.11 | AB7: =ABS(U7) -> 2.76 | AC7: =ABS(V7) -> 6.97 | AD7: =P7^2 -> 2203.3636 | AE7: =Q7^2 -> 591.9489 | AF7: =R7^2 -> 138.0625 | AG7: =S7^2 -> 0.2601 | AH7: =T7^2 -> 50.5521 | AI7: =U7^2 -> 7.6176 | AJ7: =V7^2 -> 48.5809 | AK7: =W7/I7 -> 0.070212702 | AL7: =X7/J7 -> 0.030506689 | AM7: =Y7/K7 -> 0.013852048 | AN7: =Z7/L7 -> 0.00066476362 | AO7: =AA7/M7 -> 0.011366725 | AP7: =AB7/N7 -> 0.0064266754 | AQ7: =AC7/O7 -> 0.033905726 | AR7: =AVERAGE(P7:V7) -> -14.192857 | AS7: =AVERAGE(W7:AC7) -> 14.338571 | AT7: =SQRT(AVERAGE(AD7:AJ7)) -> 20.840845 | AU7: =AVERAGE(AK7:AQ7) -> 0.023847904
A8: 6 | B8: 529.4 | C8: 530.2 | D8: 518.9 | E8: 493.1 | F8: 433.6 | G8: 356 | H8: 241.7 | I8: 549.57 | J8: 528.76 | K8: 520.52 | L8: 483.84 | M8: 414.27 | N8: 336.88 | O8: 217.7 | P8: =B8-I8 -> -20.17 | Q8: =C8-J8 -> 1.44 | R8: =D8-K8 -> -1.62 | S8: =E8-L8 -> 9.26 | T8: =F8-M8 -> 19.33 | U8: =G8-N8 -> 19.12 | V8: =H8-O8 -> 24 | W8: =ABS(P8) -> 20.17 | X8: =ABS(Q8) -> 1.44 | Y8: =ABS(R8) -> 1.62 | Z8: =ABS(S8) -> 9.26 | AA8: =ABS(T8) -> 19.33 | AB8: =ABS(U8) -> 19.12 | AC8: =ABS(V8) -> 24 | AD8: =P8^2 -> 406.8289 | AE8: =Q8^2 -> 2.0736 | AF8: =R8^2 -> 2.6244 | AG8: =S8^2 -> 85.7476 | AH8: =T8^2 -> 373.6489 | AI8: =U8^2 -> 365.5744 | AJ8: =V8^2 -> 576 | AK8: =W8/I8 -> 0.036701421 | AL8: =X8/J8 -> 0.0027233527 | AM8: =Y8/K8 -> 0.0031122723 | AN8: =Z8/L8 -> 0.019138558 | AO8: =AA8/M8 -> 0.046660391 | AP8: =AB8/N8 -> 0.056756115 | AQ8: =AC8/O8 -> 0.11024345 | AR8: =AVERAGE(P8:V8) -> 7.3371429 | AS8: =AVERAGE(W8:AC8) -> 13.562857 | AT8: =SQRT(AVERAGE(AD8:AJ8)) -> 16.091248 | AU8: =AVERAGE(AK8:AQ8) -> 0.039333652
A9: 7 | B9: 1007.9 | C9: 1035.9 | D9: 982.4 | E9: 945.8 | F9: 910.6 | G9: 841.1 | H9: 663 | I9: 1032.76 | J9: 992.25 | K9: 969.15 | L9: 944.05 | M9: 915.82 | N9: 818.46 | O9: 627.21 | P9: =B9-I9 -> -24.86 | Q9: =C9-J9 -> 43.65 | R9: =D9-K9 -> 13.25 | S9: =E9-L9 -> 1.75 | T9: =F9-M9 -> -5.22 | U9: =G9-N9 -> 22.64 | V9: =H9-O9 -> 35.79 | W9: =ABS(P9) -> 24.86 | X9: =ABS(Q9) -> 43.65 | Y9: =ABS(R9) -> 13.25 | Z9: =ABS(S9) -> 1.75 | AA9: =ABS(T9) -> 5.22 | AB9: =ABS(U9) -> 22.64 | AC9: =ABS(V9) -> 35.79 | AD9: =P9^2 -> 618.0196 | AE9: =Q9^2 -> 1905.3225 | AF9: =R9^2 -> 175.5625 | AG9: =S9^2 -> 3.0625 | AH9: =T9^2 -> 27.2484 | AI9: =U9^2 -> 512.5696 | AJ9: =V9^2 -> 1280.9241 | AK9: =W9/I9 -> 0.02407142 | AL9: =X9/J9 -> 0.04399093 | AM9: =Y9/K9 -> 0.013671774 | AN9: =Z9/L9 -> 0.0018537154 | AO9: =AA9/M9 -> 0.00569981 | AP9: =AB9/N9 -> 0.027661706 | AQ9: =AC9/O9 -> 0.057062228 | AR9: =AVERAGE(P9:V9) -> 12.428571 | AS9: =AVERAGE(W9:AC9) -> 21.022857 | AT9: =SQRT(AVERAGE(AD9:AJ9)) -> 25.418523 | AU9: =AVERAGE(AK9:AQ9) -> 0.024858798
A10: 8 | B10: 256.2 | C10: 364.5 | D10: 430.6 | E10: 468.6 | F10: 521.9 | G10: 572.9 | H10: 596.5 | I10: 261.73 | J10: 365.31 | K10: 432.05 | L10: 470.35 | M10: 514.39 | N10: 574.28 | O10: 592.15 | P10: =B10-I10 -> -5.53 | Q10: =C10-J10 -> -0.81 | R10: =D10-K10 -> -1.45 | S10: =E10-L10 -> -1.75 | T10: =F10-M10 -> 7.51 | U10: =G10-N10 -> -1.38 | V10: =H10-O10 -> 4.35 | W10: =ABS(P10) -> 5.53 | X10: =ABS(Q10) -> 0.81 | Y10: =ABS(R10) -> 1.45 | Z10: =ABS(S10) -> 1.75 | AA10: =ABS(T10) -> 7.51 | AB10: =ABS(U10) -> 1.38 | AC10: =ABS(V10) -> 4.35 | AD10: =P10^2 -> 30.5809 | AE10: =Q10^2 -> 0.6561 | AF10: =R10^2 -> 2.1025 | AG10: =S10^2 -> 3.0625 | AH10: =T10^2 -> 56.4001 | AI10: =U10^2 -> 1.9044 | AJ10: =V10^2 -> 18.9225 | AK10: =W10/I10 -> 0.021128644 | AL10: =X10/J10 -> 0.0022172949 | AM10: =Y10/K10 -> 0.003356093 | AN10: =Z10/L10 -> 0.0037206336 | AO10: =AA10/M10 -> 0.014599817 | AP10: =AB10/N10 -> 0.002403009 | AQ10: =AC10/O10 -> 0.0073461116 | AR10: =AVERAGE(P10:V10) -> 0.13428571 | AS10: =AVERAGE(W10:AC10) -> 3.2542857 | AT10: =SQRT(AVERAGE(AD10:AJ10)) -> 4.0289843 | AU10: =AVERAGE(AK10:AQ10) -> 0.0078245148
A11: 9 | B11: 291.8 | C11: 323.1 | D11: 306.1 | E11: 282 | F11: 273.8 | G11: 275.8 | H11: 271.8 | I11: 309.14 | J11: 324.1 | K11: 311.38 | L11: 285.4 | M11: 273.3 | N11: 273.18 | O11: 271.78 | P11: =B11-I11 -> -17.34 | Q11: =C11-J11 -> -1 | R11: =D11-K11 -> -5.28 | S11: =E11-L11 -> -3.4 | T11: =F11-M11 -> 0.5 | U11: =G11-N11 -> 2.62 | V11: =H11-O11 -> 0.02 | W11: =ABS(P11) -> 17.34 | X11: =ABS(Q11) -> 1 | Y11: =ABS(R11) -> 5.28 | Z11: =ABS(S11) -> 3.4 | AA11: =ABS(T11) -> 0.5 | AB11: =ABS(U11) -> 2.62 | AC11: =ABS(V11) -> 0.02 | AD11: =P11^2 -> 300.6756 | AE11: =Q11^2 -> 1 | AF11: =R11^2 -> 27.8784 | AG11: =S11^2 -> 11.56 | AH11: =T11^2 -> 0.25 | AI11: =U11^2 -> 6.8644 | AJ11: =V11^2 -> 0.0004 | AK11: =W11/I11 -> 0.056091091 | AL11: =X11/J11 -> 0.0030854674 | AM11: =Y11/K11 -> 0.016956773 | AN11: =Z11/L11 -> 0.011913104 | AO11: =AA11/M11 -> 0.0018294914 | AP11: =AB11/N11 -> 0.009590746 | AQ11: =AC11/O11 -> 7.3588932e-05 | AR11: =AVERAGE(P11:V11) -> -3.4114286 | AS11: =AVERAGE(W11:AC11) -> 4.3085714 | AT11: =SQRT(AVERAGE(AD11:AJ11)) -> 7.0531533 | AU11: =AVERAGE(AK11:AQ11) -> 0.014220038
A13: Итого | AR13: =AVERAGE(AR3:AR11) -> -2.2006349 | AS13: =AVERAGE(AS3:AS11) -> 10.02 | AT13: =SQRT(AVERAGE(AD3:AJ11)) -> 14.738775 | AU13: =AVERAGE(AU3:AU11) -> 0.018862255

Sheet Leaf_Lengths
A1: Длины листьев
A2: № | B2: Auto_length | C2: Manual_length | D2: Δ | E2: |Δ| | F2: Δ² | G2: APE
A3: 1 | B3: 1132.2 | C3: 1106.2 | D3: =B3-C3 -> 26 | E3: =ABS(D3) -> 26 | F3: =D3^2 -> 676 | G3: =E3/C3 -> 0.023503887
A4: 2 | B4: 734.5 | C4: 703.21 | D4: =B4-C4 -> 31.29 | E4: =ABS(D4) -> 31.29 | F4: =D4^2 -> 979.0641 | G4: =E4/C4 -> 0.044495954
A5: 3 | B5: 1142.9 | C5: 1131.98 | D5: =B5-C5 -> 10.92 | E5: =ABS(D5) -> 10.92 | F5: =D5^2 -> 119.2464 | G5: =E5/C5 -> 0.0096468135
A6: 4 | B6: 1547.2 | C6: 1446.2 | D6: =B6-C6 -> 101 | E6: =ABS(D6) -> 101 | F6: =D6^2 -> 10201 | G6: =E6/C6 -> 0.069838197
A7: 5 | B7: 2018.1 | C7: 1992.23 | D7: =B7-C7 -> 25.87 | E7: =ABS(D7) -> 25.87 | F7: =D7^2 -> 669.2569 | G7: =E7/C7 -> 0.012985448
A8: 6 | B8: 850.9 | C8: 766.85 | D8: =B8-C8 -> 84.05 | E8: =ABS(D8) -> 84.05 | F8: =D8^2 -> 7064.4025 | G8: =E8/C8 -> 0.10960423
A9: 7 | B9: 1901 | C9: 1680.43 | D9: =B9-C9 -> 220.57 | E9: =ABS(D9) -> 220.57 | F9: =D9^2 -> 48651.125 | G9: =E9/C9 -> 0.13125807
A10: 8 | B10: 858 | C10: 829.17 | D10: =B10-C10 -> 28.83 | E10: =ABS(D10) -> 28.83 | F10: =D10^2 -> 831.1689 | G10: =E10/C10 -> 0.034769709
A11: 9 | B11: 443.8 | C11: 408.18 | D11: =B11-C11 -> 35.62 | E11: =ABS(D11) -> 35.62 | F11: =D11^2 -> 1268.7844 | G11: =E11/C11 -> 0.087265422
A13: Итого | D13: =AVERAGE(D3:D11) -> 62.683333 | E13: =AVERAGE(E3:E11) -> 62.683333 | F13: =SQRT(AVERAGE(F3:F11)) -> 88.481039 | G13: =AVERAGE(G3:G11) -> 0.05815197

Sheet Case_Summary
A1: Сводка по объектам
A2: № | B2: Bias_cross | C2: MAE_cross | D2: RMSE_cross | E2: MAPE_cross | F2: Δ_length | G2: |Δ|_length | H2: APE_length | I2: Auto_length | J2: Manual_length
A3: 1 | B3: =Cross_Lines!AR3 -> -3.9614286 | C3: =Cross_Lines!AS3 -> 7.7471429 | D3: =Cross_Lines!AT3 -> 11.002007 | E3: =Cross_Lines!AU3 -> 0.019629081 | F3: =Leaf_Lengths!D3 -> 26 | G3: =Leaf_Lengths!E3 -> 26 | H3: =Leaf_Lengths!G3 -> 0.023503887 | I3: =Leaf_Lengths!B3 -> 1132.2 | J3: =Leaf_Lengths!C3 -> 1106.2
A4: 2 | B4: =Cross_Lines!AR4 -> -4.1214286 | C4: =Cross_Lines!AS4 -> 9.4471429 | D4: =Cross_Lines!AT4 -> 11.395314 | E4: =Cross_Lines!AU4 -> 0.018014793 | F4: =Leaf_Lengths!D4 -> 31.29 | G4: =Leaf_Lengths!E4 -> 31.29 | H4: =Leaf_Lengths!G4 -> 0.044495954 | I4: =Leaf_Lengths!B4 -> 734.5 | J4: =Leaf_Lengths!C4 -> 703.21
A5: 3 | B5: =Cross_Lines!AR5 -> -1.2757143 | C5: =Cross_Lines!AS5 -> 2.3528571 | D5: =Cross_Lines!AT5 -> 2.7172859 | E5: =Cross_Lines!AU5 -> 0.0062392215 | F5: =Leaf_Lengths!D5 -> 10.92 | G5: =Leaf_Lengths!E5 -> 10.92 | H5: =Leaf_Lengths!G5 -> 0.0096468135 | I5: =Leaf_Lengths!B5 -> 1142.9 | J5: =Leaf_Lengths!C5 -> 1131.98
A6: 4 | B6: =Cross_Lines!AR6 -> -12.742857 | C6: =Cross_Lines!AS6 -> 14.145714 | D6: =Cross_Lines!AT6 -> 17.071977 | E6: =Cross_Lines!AU6 -> 0.015792292 | F6: =Leaf_Lengths!D6 -> 101 | G6: =Leaf_Lengths!E6 -> 101 | H6: =Leaf_Lengths!G6 -> 0.069838197 | I6: =Leaf_Lengths!B6 -> 1547.2 | J6: =Leaf_Lengths!C6 -> 1446.2
A7: 5 | B7: =Cross_Lines!AR7 -> -14.192857 | C7: =Cross_Lines!AS7 -> 14.338571 | D7: =Cross_Lines!AT7 -> 20.840845 | E7: =Cross_Lines!AU7 -> 0.023847904 | F7: =Leaf_Lengths!D7 -> 25.87 | G7: =Leaf_Lengths!E7 -> 25.87 | H7: =Leaf_Lengths!G7 -> 0.012985448 | I7: =Leaf_Lengths!B7 -> 2018.1 | J7: =Leaf_Lengths!C7 -> 1992.23
A8: 6 | B8: =Cross_Lines!AR8 -> 7.3371429 | C8: =Cross_Lines!AS8 -> 13.562857 | D8: =Cross_Lines!AT8 -> 16.091248 | E8: =Cross_Lines!AU8 -> 0.039333652 | F8: =Leaf_Lengths!D8 -> 84.05 | G8: =Leaf_Lengths!E8 -> 84.05 | H8: =Leaf_Lengths!G8 -> 0.10960423 | I8: =Leaf_Lengths!B8 -> 850.9 | J8: =Leaf_Lengths!C8 -> 766.85
A9: 7 | B9: =Cross_Lines!AR9 -> 12.428571 | C9: =Cross_Lines!AS9 -> 21.022857 | D9: =Cross_Lines!AT9 -> 25.418523 | E9: =Cross_Lines!AU9 -> 0.024858798 | F9: =Leaf_Lengths!D9 -> 220.57 | G9: =Leaf_Lengths!E9 -> 220.57 | H9: =Leaf_Lengths!G9 -> 0.13125807 | I9: =Leaf_Lengths!B9 -> 1901 | J9: =Leaf_Lengths!C9 -> 1680.43
A10: 8 | B10: =Cross_Lines!AR10 -> 0.13428571 | C10: =Cross_Lines!AS10 -> 3.2542857 | D10: =Cross_Lines!AT10 -> 4.0289843 | E10: =Cross_Lines!AU10 -> 0.0078245148 | F10: =Leaf_Lengths!D10 -> 28.83 | G10: =Leaf_Lengths!E10 -> 28.83 | H10: =Leaf_Lengths!G10 -> 0.034769709 | I10: =Leaf_Lengths!B10 -> 858 | J10: =Leaf_Lengths!C10 -> 829.17
A11: 9 | B11: =Cross_Lines!AR11 -> -3.4114286 | C11: =Cross_Lines!AS11 -> 4.3085714 | D11: =Cross_Lines!AT11 -> 7.0531533 | E11: =Cross_Lines!AU11 -> 0.014220038 | F11: =Leaf_Lengths!D11 -> 35.62 | G11: =Leaf_Lengths!E11 -> 35.62 | H11: =Leaf_Lengths!G11 -> 0.087265422 | I11: =Leaf_Lengths!B11 -> 443.8 | J11: =Leaf_Lengths!C11 -> 408.18
